{
	"partitions" : [
		{
			"name" : "Top",
			"pins" : [
				{
					"name" : "a1",
					"strict" : false
				},
				{
					"name" : "a2",
					"strict" : false
				},
				{
					"name" : "a3",
					"strict" : false
				},
				{
					"name" : "a4",
					"strict" : false
				},
				{
					"name" : "b1",
					"strict" : false
				},
				{
					"name" : "b2",
					"strict" : false
				},
				{
					"name" : "b3",
					"strict" : false
				},
				{
					"name" : "b4",
					"strict" : false
				},
				{
					"name" : "c1",
					"strict" : false
				},
				{
					"name" : "c2",
					"strict" : false
				},
				{
					"name" : "c3",
					"strict" : false
				},
				{
					"name" : "c4",
					"strict" : false
				},
				{
					"name" : "d1",
					"strict" : false
				},
				{
					"name" : "d2",
					"strict" : false
				},
				{
					"name" : "d3",
					"strict" : false
				},
				{
					"name" : "d4",
					"strict" : false
				},
				{
					"name" : "e1",
					"strict" : false
				},
				{
					"name" : "e2",
					"strict" : false
				},
				{
					"name" : "e3",
					"strict" : false
				},
				{
					"name" : "e4",
					"strict" : false
				},
				{
					"name" : "f1",
					"strict" : false
				},
				{
					"name" : "f2",
					"strict" : false
				},
				{
					"name" : "f3",
					"strict" : false
				},
				{
					"name" : "f4",
					"strict" : false
				},
				{
					"name" : "g1",
					"strict" : false
				},
				{
					"name" : "g2",
					"strict" : false
				},
				{
					"name" : "g3",
					"strict" : false
				},
				{
					"name" : "g4",
					"strict" : false
				},
				{
					"name" : "reset",
					"strict" : false
				},
				{
					"name" : "data",
					"strict" : false
				},
				{
					"name" : "clock",
					"strict" : false
				}
			]
		}
	]
}